what,kind,bundleId,bundleVersion,description,time
java.vm.version,sysinfo,,,"17.1-b03-307",1291149479277
started,bundle,org.eclipse.update.scheduler,3.2.300.v20100512,"org.eclipse.update.scheduler",1291149480430
started,bundle,org.eclipse.update.configurator,3.3.100.v20100512,"org.eclipse.update.configurator",1291149481309
started,bundle,org.eclipse.update.core,3.2.400.v20100512,"org.eclipse.update.core",1291149481365
started,bundle,org.eclipse.emf.ecore.xmi,2.5.0.v20100521-1846,"org.eclipse.emf.ecore.xmi",1291149481402
started,bundle,org.eclipse.jst.common.project.facet.core,1.4.102.v201008182136,"org.eclipse.jst.common.project.facet.core",1291149481973
started,bundle,org.eclipse.jst.ws.jaxrs.core,1.0.200.v201008201800,"org.eclipse.jst.ws.jaxrs.core",1291149481998
activated,view,org.eclipse.jdt.ui,3.6.0.v20100602-1600,"org.eclipse.jdt.ui.PackageExplorer",1291149498810
deactivated,workbench,org.eclipse.ui.workbench,3.6.0.I20100603-1100,"",1291149510130
activated,workbench,org.eclipse.ui.workbench,3.6.0.I20100603-1100,"",1291149555798
started,bundle,org.eclipse.jpt.core,2.3.0.v201006020000,"org.eclipse.jpt.core",1291149556031
deactivated,workbench,org.eclipse.ui.workbench,3.6.0.I20100603-1100,"",1291149569637
activated,workbench,org.eclipse.ui.workbench,3.6.0.I20100603-1100,"",1291149582238
deactivated,workbench,org.eclipse.ui.workbench,3.6.0.I20100603-1100,"",1291149583952
activated,workbench,org.eclipse.ui.workbench,3.6.0.I20100603-1100,"",1291149739689
started,bundle,org.eclipse.compare,3.5.100.I20100526-0800,"org.eclipse.compare",1291149767103
started,bundle,org.eclipse.debug.ui,3.6.0.v20100601-1530,"org.eclipse.debug.ui",1291149769325
executed,command,org.eclipse.ui,3.6.0.I20100603-1100,"org.eclipse.ui.edit.copy",1291149770848
started,bundle,org.eclipse.wst.jsdt.manipulation,1.0.200.v201004150600,"org.eclipse.wst.jsdt.manipulation",1291149775103
started,bundle,org.eclipse.wst.jsdt.core,1.1.2.v201009011528,"org.eclipse.wst.jsdt.core",1291149775458
started,bundle,org.eclipse.wst.jsdt.ui,1.1.2.v201009010353,"org.eclipse.wst.jsdt.ui",1291149775631
executed,command,org.eclipse.ui,3.6.0.I20100603-1100,"org.eclipse.ui.edit.paste",1291149776056
deactivated,workbench,org.eclipse.ui.workbench,3.6.0.I20100603-1100,"",1291149789661
activated,workbench,org.eclipse.ui.workbench,3.6.0.I20100603-1100,"",1291149798619
deactivated,workbench,org.eclipse.ui.workbench,3.6.0.I20100603-1100,"",1291149811361
activated,workbench,org.eclipse.ui.workbench,3.6.0.I20100603-1100,"",1291149821746
opened,editor,org.eclipse.jdt.ui,3.6.0.v20100602-1600,"org.eclipse.jdt.ui.CompilationUnitEditor",1291149821858
started,bundle,org.eclipse.jdt.debug,3.6.0.v20100526,"org.eclipse.jdt.debug",1291149822026
started,bundle,org.eclipse.jdt.debug.ui,3.5.0.v20100602-0830,"org.eclipse.jdt.debug.ui",1291149822144
activated,editor,org.eclipse.jdt.ui,3.6.0.v20100602-1600,"org.eclipse.jdt.ui.CompilationUnitEditor",1291149822155
executed,command,org.eclipse.ui,3.6.0.I20100603-1100,"org.eclipse.ui.edit.selectAll",1291149823482
executed,command,org.eclipse.ui,3.6.0.I20100603-1100,"org.eclipse.ui.edit.paste",1291149824040
executed,command,org.eclipse.ui,3.6.0.I20100603-1100,"org.eclipse.ui.file.save",1291149829110
deactivated,workbench,org.eclipse.ui.workbench,3.6.0.I20100603-1100,"",1291149837382
activated,view,org.eclipse.jdt.ui,3.6.0.v20100602-1600,"org.eclipse.jdt.ui.PackageExplorer",1291149863355
activated,workbench,org.eclipse.ui.workbench,3.6.0.I20100603-1100,"",1291149863415
opened,editor,org.eclipse.jdt.ui,3.6.0.v20100602-1600,"org.eclipse.jdt.ui.CompilationUnitEditor",1291149863555
activated,editor,org.eclipse.jdt.ui,3.6.0.v20100602-1600,"org.eclipse.jdt.ui.CompilationUnitEditor",1291149863643
deactivated,workbench,org.eclipse.ui.workbench,3.6.0.I20100603-1100,"",1291149883498
activated,view,org.eclipse.jdt.ui,3.6.0.v20100602-1600,"org.eclipse.jdt.ui.PackageExplorer",1291150040257
activated,workbench,org.eclipse.ui.workbench,3.6.0.I20100603-1100,"",1291150040314
deactivated,workbench,org.eclipse.ui.workbench,3.6.0.I20100603-1100,"",1291150043737
activated,workbench,org.eclipse.ui.workbench,3.6.0.I20100603-1100,"",1291150051528
deactivated,workbench,org.eclipse.ui.workbench,3.6.0.I20100603-1100,"",1291150053876
activated,workbench,org.eclipse.ui.workbench,3.6.0.I20100603-1100,"",1291150071648
deactivated,workbench,org.eclipse.ui.workbench,3.6.0.I20100603-1100,"",1291150073591
activated,workbench,org.eclipse.ui.workbench,3.6.0.I20100603-1100,"",1291150112212
activated,editor,org.eclipse.jdt.ui,3.6.0.v20100602-1600,"org.eclipse.jdt.ui.CompilationUnitEditor",1291150120338
activated,view,org.eclipse.jdt.ui,3.6.0.v20100602-1600,"org.eclipse.jdt.ui.PackageExplorer",1291150122380
closed,editor,org.eclipse.jdt.ui,3.6.0.v20100602-1600,"org.eclipse.jdt.ui.CompilationUnitEditor",1291150122381
closed,editor,org.eclipse.jdt.ui,3.6.0.v20100602-1600,"org.eclipse.jdt.ui.CompilationUnitEditor",1291150122420
closed,editor,org.eclipse.jdt.ui,3.6.0.v20100602-1600,"org.eclipse.jdt.ui.CompilationUnitEditor",1291150122430
deactivated,workbench,org.eclipse.ui.workbench,3.6.0.I20100603-1100,"",1291150142189
activated,workbench,org.eclipse.ui.workbench,3.6.0.I20100603-1100,"",1291150188763
opened,editor,org.eclipse.jdt.ui,3.6.0.v20100602-1600,"org.eclipse.jdt.ui.CompilationUnitEditor",1291150188987
activated,editor,org.eclipse.jdt.ui,3.6.0.v20100602-1600,"org.eclipse.jdt.ui.CompilationUnitEditor",1291150189085
deactivated,workbench,org.eclipse.ui.workbench,3.6.0.I20100603-1100,"",1291150202734
activated,view,org.eclipse.jdt.ui,3.6.0.v20100602-1600,"org.eclipse.jdt.ui.PackageExplorer",1291150242638
activated,workbench,org.eclipse.ui.workbench,3.6.0.I20100603-1100,"",1291150242753
opened,editor,org.eclipse.jdt.ui,3.6.0.v20100602-1600,"org.eclipse.jdt.ui.CompilationUnitEditor",1291150242925
activated,editor,org.eclipse.jdt.ui,3.6.0.v20100602-1600,"org.eclipse.jdt.ui.CompilationUnitEditor",1291150242977
started,bundle,org.eclipse.wst.server.core,1.1.204.v20100908,"org.eclipse.wst.server.core",1291150386994
started,bundle,org.eclipse.wst.server.ui,1.1.205.v20100908,"org.eclipse.wst.server.ui",1291150387046
started,bundle,org.eclipse.tptp.platform.profile.server.wst,4.4.1.v201009092123,"org.eclipse.tptp.platform.profile.server.wst",1291150387133
started,bundle,org.eclipse.wst.common.frameworks,1.2.0.v201003040800,"org.eclipse.wst.common.frameworks",1291150387235
started,bundle,org.eclipse.wst.common.emf,1.2.1.v201008260500,"org.eclipse.wst.common.emf",1291150387340
started,bundle,org.eclipse.jem.util,2.1.2.v201008120100,"org.eclipse.jem.util",1291150387366
started,bundle,org.eclipse.wst.common.emfworkbench.integration,1.2.2.v201008242000,"org.eclipse.wst.common.emfworkbench.integration",1291150387377
started,bundle,org.eclipse.wst.common.core,1.2.0.v200908252030,"org.eclipse.wst.common.core",1291150387410
started,bundle,org.eclipse.wst.common.modulecore,1.2.3.v201008242000,"org.eclipse.wst.common.modulecore",1291150387422
started,bundle,org.eclipse.jst.j2ee.core,1.2.2.v201008120100,"org.eclipse.jst.j2ee.core",1291150387480
started,bundle,org.eclipse.jem,2.0.400.v201005110200,"org.eclipse.jem",1291150387516
started,bundle,org.eclipse.wst.common.frameworks.ui,1.2.0.v201004080500,"org.eclipse.wst.common.frameworks.ui",1291150387565
started,bundle,org.eclipse.wst.xml.core,1.1.502.v201009010342,"org.eclipse.wst.xml.core",1291150387596
started,bundle,org.eclipse.wst.validation,1.2.200.v201005271900,"org.eclipse.wst.validation",1291150387643
started,bundle,org.eclipse.jst.j2ee,1.1.402.v201009151730,"org.eclipse.jst.j2ee",1291150387788
started,bundle,org.eclipse.jst.server.core,1.2.101.v20100421,"org.eclipse.jst.server.core",1291150387817
started,bundle,org.eclipse.jst.jee,1.0.301.v201007151900,"org.eclipse.jst.jee",1291150387944
started,bundle,org.eclipse.wst.jsdt.debug.ui,1.0.1.v201008170101,"org.eclipse.wst.jsdt.debug.ui",1291150387977
started,bundle,org.eclipse.hyades.execution,4.5.0.v201005071900,"org.eclipse.hyades.execution",1291150388231
started,bundle,org.eclipse.tptp.platform.models.hierarchy,4.7.1.v201009021900,"org.eclipse.tptp.platform.models.hierarchy",1291150388301
started,bundle,org.eclipse.tptp.platform.common.ui,4.4.300.v201005281426,"org.eclipse.tptp.platform.common.ui",1291150388353
started,bundle,org.eclipse.tptp.platform.common,4.4.1.v201009092123,"org.eclipse.tptp.platform.common",1291150388354
activated,view,org.eclipse.jdt.ui,3.6.0.v20100602-1600,"org.eclipse.jdt.ui.PackageExplorer",1291150393438
started,bundle,org.eclipse.hyades.trace.ui,4.5.101.v201009092123,"org.eclipse.hyades.trace.ui",1291150393489
activated,editor,org.eclipse.jdt.ui,3.6.0.v20100602-1600,"org.eclipse.jdt.ui.CompilationUnitEditor",1291150393570
activated,view,org.eclipse.jdt.ui,3.6.0.v20100602-1600,"org.eclipse.jdt.ui.PackageExplorer",1291150393667
activated,editor,org.eclipse.jdt.ui,3.6.0.v20100602-1600,"org.eclipse.jdt.ui.CompilationUnitEditor",1291150393758
executed,command,org.eclipse.ui,3.6.0.I20100603-1100,"org.eclipse.ui.edit.paste",1291150410071
activated,editor,org.eclipse.jdt.ui,3.6.0.v20100602-1600,"org.eclipse.jdt.ui.CompilationUnitEditor",1291150468937
activated,editor,org.eclipse.jdt.ui,3.6.0.v20100602-1600,"org.eclipse.jdt.ui.CompilationUnitEditor",1291150473742
activated,editor,org.eclipse.jdt.ui,3.6.0.v20100602-1600,"org.eclipse.jdt.ui.CompilationUnitEditor",1291150507149
activated,view,org.eclipse.jdt.ui,3.6.0.v20100602-1600,"org.eclipse.jdt.ui.PackageExplorer",1291150547249
activated,workbench,org.eclipse.ui.workbench,3.6.0.I20100603-1100,"",1291150550640
executed,command,org.eclipse.jdt.debug.ui,3.5.0.v20100602-0830,"org.eclipse.jdt.debug.ui.localJavaShortcut.run",1291150551051
deactivated,workbench,org.eclipse.ui.workbench,3.6.0.I20100603-1100,"",1291150551132
activated,workbench,org.eclipse.ui.workbench,3.6.0.I20100603-1100,"",1291150553281
deactivated,workbench,org.eclipse.ui.workbench,3.6.0.I20100603-1100,"",1291150556217
activated,workbench,org.eclipse.ui.workbench,3.6.0.I20100603-1100,"",1291155381070
activated,editor,org.eclipse.jdt.ui,3.6.0.v20100602-1600,"org.eclipse.jdt.ui.CompilationUnitEditor",1291155381471
executed,command,org.eclipse.ui,3.6.0.I20100603-1100,"org.eclipse.ui.edit.selectAll",1291155382440
executed,command,org.eclipse.ui,3.6.0.I20100603-1100,"org.eclipse.ui.edit.paste",1291155384206
executed,command,org.eclipse.ui,3.6.0.I20100603-1100,"org.eclipse.ui.file.save",1291155391591
activated,view,org.eclipse.jdt.ui,3.6.0.v20100602-1600,"org.eclipse.jdt.ui.PackageExplorer",1291155393637
activated,editor,org.eclipse.jdt.ui,3.6.0.v20100602-1600,"org.eclipse.jdt.ui.CompilationUnitEditor",1291155393804
activated,view,org.eclipse.jdt.ui,3.6.0.v20100602-1600,"org.eclipse.jdt.ui.PackageExplorer",1291155395928
activated,editor,org.eclipse.jdt.ui,3.6.0.v20100602-1600,"org.eclipse.jdt.ui.CompilationUnitEditor",1291155396190
executed,command,org.eclipse.ui,3.6.0.I20100603-1100,"org.eclipse.ui.edit.paste",1291155401421
executed,command,org.eclipse.ui,3.6.0.I20100603-1100,"org.eclipse.ui.edit.undo",1291155404489
deactivated,workbench,org.eclipse.ui.workbench,3.6.0.I20100603-1100,"",1291155406661
activated,workbench,org.eclipse.ui.workbench,3.6.0.I20100603-1100,"",1291155438357
executed,command,org.eclipse.ui,3.6.0.I20100603-1100,"org.eclipse.ui.edit.paste",1291155439632
executed,command,org.eclipse.ui,3.6.0.I20100603-1100,"org.eclipse.ui.edit.undo",1291155443209
deactivated,workbench,org.eclipse.ui.workbench,3.6.0.I20100603-1100,"",1291155456719
activated,workbench,org.eclipse.ui.workbench,3.6.0.I20100603-1100,"",1291155456772
executed,command,org.eclipse.ui,3.6.0.I20100603-1100,"org.eclipse.ui.edit.paste",1291155460454
executed,command,org.eclipse.ui,3.6.0.I20100603-1100,"org.eclipse.ui.file.save",1291155461881
activated,editor,org.eclipse.jdt.ui,3.6.0.v20100602-1600,"org.eclipse.jdt.ui.CompilationUnitEditor",1291155478861
activated,view,org.eclipse.jdt.ui,3.6.0.v20100602-1600,"org.eclipse.jdt.ui.PackageExplorer",1291155536662
activated,workbench,org.eclipse.ui.workbench,3.6.0.I20100603-1100,"",1291155541295
executed,command,org.eclipse.jdt.debug.ui,3.5.0.v20100602-0830,"org.eclipse.jdt.debug.ui.localJavaShortcut.run",1291155541565
deactivated,workbench,org.eclipse.ui.workbench,3.6.0.I20100603-1100,"",1291155543142
activated,workbench,org.eclipse.ui.workbench,3.6.0.I20100603-1100,"",1291155622539
activated,editor,org.eclipse.jdt.ui,3.6.0.v20100602-1600,"org.eclipse.jdt.ui.CompilationUnitEditor",1291155623414
executed,command,org.eclipse.ui,3.6.0.I20100603-1100,"org.eclipse.ui.edit.selectAll",1291155624230
executed,command,org.eclipse.ui,3.6.0.I20100603-1100,"org.eclipse.ui.edit.paste",1291155625813
executed,command,org.eclipse.ui,3.6.0.I20100603-1100,"org.eclipse.ui.file.save",1291155627796
activated,view,org.eclipse.jdt.ui,3.6.0.v20100602-1600,"org.eclipse.jdt.ui.PackageExplorer",1291155634953
activated,editor,org.eclipse.jdt.ui,3.6.0.v20100602-1600,"org.eclipse.jdt.ui.CompilationUnitEditor",1291155635097
deactivated,workbench,org.eclipse.ui.workbench,3.6.0.I20100603-1100,"",1291155637646
activated,workbench,org.eclipse.ui.workbench,3.6.0.I20100603-1100,"",1291155654156
executed,command,org.eclipse.ui,3.6.0.I20100603-1100,"org.eclipse.ui.file.save",1291155661268
executed,command,org.eclipse.ui,3.6.0.I20100603-1100,"org.eclipse.ui.file.save",1291155668187
activated,editor,org.eclipse.jdt.ui,3.6.0.v20100602-1600,"org.eclipse.jdt.ui.CompilationUnitEditor",1291155671089
deactivated,workbench,org.eclipse.ui.workbench,3.6.0.I20100603-1100,"",1291155683427
activated,workbench,org.eclipse.ui.workbench,3.6.0.I20100603-1100,"",1291155683537
activated,editor,org.eclipse.jdt.ui,3.6.0.v20100602-1600,"org.eclipse.jdt.ui.CompilationUnitEditor",1291155725209
executed,command,org.eclipse.ui,3.6.0.I20100603-1100,"org.eclipse.ui.file.save",1291155730500
activated,editor,org.eclipse.jdt.ui,3.6.0.v20100602-1600,"org.eclipse.jdt.ui.CompilationUnitEditor",1291155744572
activated,editor,org.eclipse.jdt.ui,3.6.0.v20100602-1600,"org.eclipse.jdt.ui.CompilationUnitEditor",1291155761266
activated,editor,org.eclipse.jdt.ui,3.6.0.v20100602-1600,"org.eclipse.jdt.ui.CompilationUnitEditor",1291155771149
activated,view,org.eclipse.jdt.ui,3.6.0.v20100602-1600,"org.eclipse.jdt.ui.PackageExplorer",1291155897481
activated,workbench,org.eclipse.ui.workbench,3.6.0.I20100603-1100,"",1291155899898
executed,command,org.eclipse.jdt.debug.ui,3.5.0.v20100602-0830,"org.eclipse.jdt.debug.ui.localJavaShortcut.run",1291155900041
deactivated,workbench,org.eclipse.ui.workbench,3.6.0.I20100603-1100,"",1291155900626
activated,workbench,org.eclipse.ui.workbench,3.6.0.I20100603-1100,"",1291155968020
activated,editor,org.eclipse.jdt.ui,3.6.0.v20100602-1600,"org.eclipse.jdt.ui.CompilationUnitEditor",1291155972847
executed,command,org.eclipse.ui,3.6.0.I20100603-1100,"org.eclipse.ui.edit.selectAll",1291155973962
executed,command,org.eclipse.ui,3.6.0.I20100603-1100,"org.eclipse.ui.edit.paste",1291155974616
executed,command,org.eclipse.ui,3.6.0.I20100603-1100,"org.eclipse.ui.file.save",1291155977189
deactivated,workbench,org.eclipse.ui.workbench,3.6.0.I20100603-1100,"",1291155987416
activated,workbench,org.eclipse.ui.workbench,3.6.0.I20100603-1100,"",1291156010892
activated,editor,org.eclipse.jdt.ui,3.6.0.v20100602-1600,"org.eclipse.jdt.ui.CompilationUnitEditor",1291156011065
deactivated,workbench,org.eclipse.ui.workbench,3.6.0.I20100603-1100,"",1291156032167
activated,workbench,org.eclipse.ui.workbench,3.6.0.I20100603-1100,"",1291156043153
executed,command,org.eclipse.ui,3.6.0.I20100603-1100,"org.eclipse.ui.edit.paste",1291156070987
executed,command,org.eclipse.ui,3.6.0.I20100603-1100,"org.eclipse.ui.file.save",1291156072884
deactivated,workbench,org.eclipse.ui.workbench,3.6.0.I20100603-1100,"",1291156077757
activated,workbench,org.eclipse.ui.workbench,3.6.0.I20100603-1100,"",1291156083922
deactivated,workbench,org.eclipse.ui.workbench,3.6.0.I20100603-1100,"",1291156101111
activated,workbench,org.eclipse.ui.workbench,3.6.0.I20100603-1100,"",1291156101193
executed,command,org.eclipse.ui,3.6.0.I20100603-1100,"org.eclipse.ui.file.save",1291156115222
activated,editor,org.eclipse.jdt.ui,3.6.0.v20100602-1600,"org.eclipse.jdt.ui.CompilationUnitEditor",1291156179438
deactivated,workbench,org.eclipse.ui.workbench,3.6.0.I20100603-1100,"",1291156210254
activated,workbench,org.eclipse.ui.workbench,3.6.0.I20100603-1100,"",1291156214430
activated,view,org.eclipse.jdt.ui,3.6.0.v20100602-1600,"org.eclipse.jdt.ui.PackageExplorer",1291156217986
activated,workbench,org.eclipse.ui.workbench,3.6.0.I20100603-1100,"",1291156221136
executed,command,org.eclipse.jdt.debug.ui,3.5.0.v20100602-0830,"org.eclipse.jdt.debug.ui.localJavaShortcut.run",1291156221254
deactivated,workbench,org.eclipse.ui.workbench,3.6.0.I20100603-1100,"",1291156222420
activated,workbench,org.eclipse.ui.workbench,3.6.0.I20100603-1100,"",1291156233599
deactivated,workbench,org.eclipse.ui.workbench,3.6.0.I20100603-1100,"",1291156235401
activated,workbench,org.eclipse.ui.workbench,3.6.0.I20100603-1100,"",1291156819730
deactivated,workbench,org.eclipse.ui.workbench,3.6.0.I20100603-1100,"",1291156827311
activated,workbench,org.eclipse.ui.workbench,3.6.0.I20100603-1100,"",1291156836392
opened,editor,org.eclipse.jdt.ui,3.6.0.v20100602-1600,"org.eclipse.jdt.ui.CompilationUnitEditor",1291156836642
activated,editor,org.eclipse.jdt.ui,3.6.0.v20100602-1600,"org.eclipse.jdt.ui.CompilationUnitEditor",1291156836734
executed,command,org.eclipse.ui,3.6.0.I20100603-1100,"org.eclipse.ui.edit.selectAll",1291156838095
executed,command,org.eclipse.ui,3.6.0.I20100603-1100,"org.eclipse.ui.edit.paste",1291156838611
executed,command,org.eclipse.ui,3.6.0.I20100603-1100,"org.eclipse.ui.file.save",1291156839801
deactivated,workbench,org.eclipse.ui.workbench,3.6.0.I20100603-1100,"",1291156843483
activated,workbench,org.eclipse.ui.workbench,3.6.0.I20100603-1100,"",1291156854754
deactivated,workbench,org.eclipse.ui.workbench,3.6.0.I20100603-1100,"",1291156895367
activated,workbench,org.eclipse.ui.workbench,3.6.0.I20100603-1100,"",1291156895414
executed,command,org.eclipse.ui.workbench.texteditor,3.6.0.v20100520-0800,"org.eclipse.ui.edit.text.goto.textEnd",1291157010429
executed,command,org.eclipse.ui,3.6.0.I20100603-1100,"org.eclipse.ui.file.save",1291157022654
executed,command,org.eclipse.ui,3.6.0.I20100603-1100,"org.eclipse.ui.file.save",1291157046049
deactivated,workbench,org.eclipse.ui.workbench,3.6.0.I20100603-1100,"",1291157100639
activated,workbench,org.eclipse.ui.workbench,3.6.0.I20100603-1100,"",1291157183974
executed,command,org.eclipse.ui,3.6.0.I20100603-1100,"org.eclipse.ui.edit.selectAll",1291157189046
executed,command,org.eclipse.ui,3.6.0.I20100603-1100,"org.eclipse.ui.edit.copy",1291157190259
deactivated,workbench,org.eclipse.ui.workbench,3.6.0.I20100603-1100,"",1291157192549
activated,workbench,org.eclipse.ui.workbench,3.6.0.I20100603-1100,"",1291157198171
deactivated,workbench,org.eclipse.ui.workbench,3.6.0.I20100603-1100,"",1291157202178
activated,workbench,org.eclipse.ui.workbench,3.6.0.I20100603-1100,"",1291157219354
executed,command,org.eclipse.ui,3.6.0.I20100603-1100,"org.eclipse.ui.edit.copy",1291157236647
deactivated,workbench,org.eclipse.ui.workbench,3.6.0.I20100603-1100,"",1291157240641
activated,workbench,org.eclipse.ui.workbench,3.6.0.I20100603-1100,"",1291157705986
started,bundle,org.eclipse.wst.jsdt.debug.core,1.0.1.v201008170101,"org.eclipse.wst.jsdt.debug.core",1291157717774
closed,workbench,org.eclipse.ui.workbench,3.6.0.I20100603-1100,"",1291157718249
stopped,bundle,org.eclipse.jst.j2ee.xdoclet.runtime,1.1.300.v201004280700,"org.eclipse.jst.j2ee.xdoclet.runtime",1291157721866
stopped,bundle,org.eclipse.jst.j2ee.ejb.annotations.xdoclet,1.2.100.v201003112036,"org.eclipse.jst.j2ee.ejb.annotations.xdoclet",1291157721923
stopped,bundle,org.eclipse.jst.server.generic.jboss,1.6.1.v200904151730,"org.eclipse.jst.server.generic.jboss",1291157721987
stopped,bundle,org.eclipse.jst.server.generic.jonas,1.5.205.v200805140145,"org.eclipse.jst.server.generic.jonas",1291157722040
stopped,bundle,org.eclipse.jst.server.generic.oc4j,1.5.206.v20090812,"org.eclipse.jst.server.generic.oc4j",1291157722098
stopped,bundle,org.eclipse.jst.server.websphere.core,1.0.302.v20080620,"org.eclipse.jst.server.websphere.core",1291157722124
stopped,bundle,oracle.eclipse.tools.glassfish,3.1.0.201008201312,"oracle.eclipse.tools.glassfish",1291157722216
stopped,bundle,org.eclipse.jst.server.generic.ui,1.0.505.v20100428,"org.eclipse.jst.server.generic.ui",1291157722273
stopped,bundle,org.eclipse.jst.server.generic.core,1.0.606.v20100512,"org.eclipse.jst.server.generic.core",1291157722338
stopped,bundle,org.eclipse.mylyn.ide.ant,3.4.0.v20100608-0100-e3x,"org.eclipse.mylyn.ide.ant",1291157722404
stopped,bundle,org.eclipse.datatools.connectivity.oda.template.ui,3.2.1.v201004090942,"org.eclipse.datatools.connectivity.oda.template.ui",1291157722436
stopped,bundle,org.eclipse.pde.ds.ui,1.0.100.v20100601,"org.eclipse.pde.ds.ui",1291157722458
stopped,bundle,org.eclipse.pde.runtime,3.4.200.v20100601,"org.eclipse.pde.runtime",1291157722531
stopped,bundle,org.eclipse.pde.ua.ui,1.0.100.v20100504,"org.eclipse.pde.ua.ui",1291157722586
stopped,bundle,org.eclipse.pde.ui.templates,3.4.200.v20100601,"org.eclipse.pde.ui.templates",1291157722629
stopped,bundle,org.eclipse.tptp.platform.profile.server.wst,4.4.1.v201009092123,"org.eclipse.tptp.platform.profile.server.wst",1291157722629
stopped,bundle,org.eclipse.tptp.platform.profile.server.core,4.3.1.v201009092123,"org.eclipse.tptp.platform.profile.server.core",1291157722653
stopped,bundle,org.eclipse.tptp.platform.jvmti.client,4.5.1.v201009092123,"org.eclipse.tptp.platform.jvmti.client",1291157722730
activated,perspective,org.eclipse.jdt.ui,,"org.eclipse.jdt.ui.JavaPerspective",1291162412467
started,bundle,org.eclipse.osgi,3.6.0.v20100517,"org.eclipse.osgi",1291162412468
started,bundle,org.eclipse.equinox.simpleconfigurator,1.0.200.v20100503,"org.eclipse.equinox.simpleconfigurator",1291162412497
started,bundle,com.ibm.icu,4.2.1.v20100412,"com.ibm.icu",1291162412598
started,bundle,org.eclipse.compare.core,3.5.100.I20100526-0800,"org.eclipse.compare.core",1291162412652
started,bundle,org.eclipse.core.contenttype,3.4.100.v20100505-1235,"org.eclipse.core.contenttype",1291162412696
started,bundle,org.eclipse.core.databinding.observable,1.3.0.I20100601-0800,"org.eclipse.core.databinding.observable",1291162412791
started,bundle,org.eclipse.core.expressions,3.4.200.v20100505,"org.eclipse.core.expressions",1291162412842
started,bundle,org.eclipse.core.filebuffers,3.5.100.v20100520-0800,"org.eclipse.core.filebuffers",1291162412882
started,bundle,org.eclipse.core.filesystem,1.3.0.v20100526-0737,"org.eclipse.core.filesystem",1291162412899
started,bundle,org.eclipse.core.jobs,3.5.0.v20100515,"org.eclipse.core.jobs",1291162413175
started,bundle,org.eclipse.core.net,1.2.100.I20100511-0800,"org.eclipse.core.net",1291162413232
started,bundle,org.eclipse.core.resources,3.6.0.v20100526-0737,"org.eclipse.core.resources",1291162413274
started,bundle,org.eclipse.core.runtime,3.6.0.v20100505,"org.eclipse.core.runtime",1291162413294
started,bundle,org.eclipse.core.runtime.compatibility,3.2.100.v20100505,"org.eclipse.core.runtime.compatibility",1291162413307
started,bundle,org.eclipse.core.runtime.compatibility.auth,3.2.200.v20100517,"org.eclipse.core.runtime.compatibility.auth",1291162413332
started,bundle,org.eclipse.core.variables,3.2.400.v20100505,"org.eclipse.core.variables",1291162413350
started,bundle,org.eclipse.debug.core,3.6.0.v20100519,"org.eclipse.debug.core",1291162413399
started,bundle,org.eclipse.epp.usagedata.gathering,1.3.0.R201005261100,"org.eclipse.epp.usagedata.gathering",1291162413425
started,bundle,org.eclipse.epp.usagedata.recording,1.3.0.R201005261100,"org.eclipse.epp.usagedata.recording",1291162413442
started,bundle,org.eclipse.equinox.app,1.3.0.v20100512,"org.eclipse.equinox.app",1291162413474
started,bundle,org.eclipse.equinox.common,3.6.0.v20100503,"org.eclipse.equinox.common",1291162413487
started,bundle,org.eclipse.equinox.ds,1.2.0.v20100507,"org.eclipse.equinox.ds",1291162413502
started,bundle,org.eclipse.equinox.event,1.2.0.v20100503,"org.eclipse.equinox.event",1291162413517
started,bundle,org.eclipse.equinox.p2.core,2.0.0.v20100510,"org.eclipse.equinox.p2.core",1291162413552
started,bundle,org.eclipse.equinox.p2.directorywatcher,1.0.200.v20100601,"org.eclipse.equinox.p2.directorywatcher",1291162413556
started,bundle,org.eclipse.equinox.p2.engine,2.0.0.v20100606,"org.eclipse.equinox.p2.engine",1291162413629
started,bundle,org.eclipse.equinox.p2.metadata,2.0.0.v20100601,"org.eclipse.equinox.p2.metadata",1291162413694
started,bundle,org.eclipse.equinox.p2.metadata.repository,1.1.0.v20100513,"org.eclipse.equinox.p2.metadata.repository",1291162413765
started,bundle,org.eclipse.equinox.p2.operations,2.0.0.v20100510,"org.eclipse.equinox.p2.operations",1291162413821
started,bundle,org.eclipse.equinox.p2.reconciler.dropins,1.1.0.v20100525,"org.eclipse.equinox.p2.reconciler.dropins",1291162413866
started,bundle,org.eclipse.equinox.p2.repository,2.0.0.v20100519,"org.eclipse.equinox.p2.repository",1291162413932
started,bundle,org.eclipse.equinox.p2.ui.sdk.scheduler,1.0.0.v20100507-1815,"org.eclipse.equinox.p2.ui.sdk.scheduler",1291162413950
started,bundle,org.eclipse.equinox.p2.updatechecker,1.1.100.v20100503a,"org.eclipse.equinox.p2.updatechecker",1291162414026
started,bundle,org.eclipse.equinox.preferences,3.3.0.v20100503,"org.eclipse.equinox.preferences",1291162414053
started,bundle,org.eclipse.equinox.registry,3.5.0.v20100503,"org.eclipse.equinox.registry",1291162414066
started,bundle,org.eclipse.equinox.security,1.0.200.v20100503,"org.eclipse.equinox.security",1291162414129
started,bundle,org.eclipse.equinox.util,1.0.200.v20100503,"org.eclipse.equinox.util",1291162414153
started,bundle,org.eclipse.help,3.5.0.v20100524,"org.eclipse.help",1291162414226
started,bundle,org.eclipse.jdt.apt.core,3.3.400.v20100513-0845,"org.eclipse.jdt.apt.core",1291162414305
started,bundle,org.eclipse.jdt.apt.pluggable.core,1.0.300.v20100513-0845,"org.eclipse.jdt.apt.pluggable.core",1291162414330
started,bundle,org.eclipse.jdt.core,3.6.0.v_A58,"org.eclipse.jdt.core",1291162414437
started,bundle,org.eclipse.jdt.core.manipulation,1.3.0.v20100520-0800,"org.eclipse.jdt.core.manipulation",1291162414461
started,bundle,org.eclipse.jdt.launching,3.5.100.v20100526,"org.eclipse.jdt.launching",1291162414527
started,bundle,org.eclipse.jdt.launching.macosx,3.2.100.v20100505,"org.eclipse.jdt.launching.macosx",1291162414561
started,bundle,org.eclipse.jdt.ui,3.6.0.v20100602-1600,"org.eclipse.jdt.ui",1291162414561
started,bundle,org.eclipse.jface,3.6.0.I20100601-0800,"org.eclipse.jface",1291162414632
started,bundle,org.eclipse.jsch.core,1.1.200.I20100505-1245,"org.eclipse.jsch.core",1291162414669
started,bundle,org.eclipse.jst.ws.jaxws.utils,1.0.0.v201004171919,"org.eclipse.jst.ws.jaxws.utils",1291162414692
started,bundle,org.eclipse.ltk.core.refactoring,3.5.100.v20100526-0800,"org.eclipse.ltk.core.refactoring",1291162414733
